
{
  "camera_id": "cam1",
  "video": "assets/sample_video/drone_3.mp4",
  "origin_gps": [80.5058750, 16.3683500],
  "calibration_points": [
    {
      "name":  "C8",
      "pixel": [943,  257],
      "world": [0.00,   0.00],
      "gps":   [80.5058750, 16.3683500]
    },
    {
      "name":  "C5",
      "pixel": [1504, 265],
      "world": [30.61, 20.07],
      "gps":   [80.5061616, 16.3685303]
    },
    {
      "name":  "C9",
      "pixel": [945,  630],
      "world": [13.95, -20.72],
      "gps":   [80.5060056, 16.3681639]
    },
    {
      "name":  "C4",
      "pixel": [1521, 638],
      "world": [43.69, -0.91],
      "gps":   [80.5062840, 16.3683418]
    }
  ]
}
