{
  "camera_id": "cam2",
  "video": "assets/sample_video/drone_2.mp4",
  "origin_gps": [80.5058750, 16.3683500],
  "calibration_points": [
    {
      "name": "C2",
      "pixel": [652, 521],
      "world": [77.16, 32.55],
      "gps": [80.5065974, 16.3686433]
    },
    {
      "name": "C10",
      "pixel": [1170, 505],
      "world": [101.76, 50.55],
      "gps": [80.5068278, 16.3688056]
    },
    {
      "name": "C3",
      "pixel": [730, 1070],
      "world": [97.21, 7.93],
      "gps": [80.5067851, 16.3684215]
    },
    {
      "name": "C11",
      "pixel": [1249, 1072],
      "world": [122.23, 27.43],
      "gps": [80.5070194, 16.3685972]
    }
  ]
}